{"skeleton":{"hash":"C5I6IfBTdRCixCGI2gJ3cGyyciI","spine":"3.6.53","width":1060,"height":1560,"images":"../texiao/"},"bones":[{"name":"root"},{"name":"2","parent":"root","scaleX":1.25,"scaleY":1.25},{"name":"1","parent":"2"},{"name":"xian","parent":"1","length":19.94,"rotation":90,"y":-992.48},{"name":"xian2","parent":"xian","length":19.94,"x":21.83},{"name":"xian3","parent":"xian2","length":19.94,"x":20.62},{"name":"xian4","parent":"xian3","length":19.94,"x":20.98},{"name":"xian5","parent":"xian4","length":19.94,"x":20.78},{"name":"xian6","parent":"xian5","length":19.94,"x":20.62},{"name":"xian7","parent":"xian6","length":19.94,"x":20.98},{"name":"xian8","parent":"xian7","length":19.94,"x":20.95},{"name":"xian9","parent":"xian8","length":19.94,"x":20.98},{"name":"xian10","parent":"xian9","length":19.94,"x":20.78},{"name":"xian11","parent":"xian10","length":19.94,"x":20.62},{"name":"xian12","parent":"xian11","length":19.94,"x":20.98},{"name":"xian13","parent":"xian12","length":19.94,"x":20.67},{"name":"xian14","parent":"xian13","length":19.94,"x":20.62},{"name":"xian15","parent":"xian14","length":19.94,"x":20.98},{"name":"xian16","parent":"xian15","length":19.94,"x":20.78},{"name":"xian17","parent":"xian16","length":19.94,"x":20.62},{"name":"xian18","parent":"xian17","length":19.94,"x":20.98},{"name":"xian19","parent":"xian18","length":19.94,"x":20.95},{"name":"xian20","parent":"xian19","length":19.94,"x":20.98},{"name":"xian21","parent":"xian20","length":19.94,"x":20.78},{"name":"xian22","parent":"xian21","length":19.94,"x":20.62},{"name":"xian23","parent":"xian22","length":19.94,"x":20.98},{"name":"xian24","parent":"xian23","length":19.94,"x":21.2},{"name":"xian25","parent":"xian24","length":19.94,"x":20.62},{"name":"xian26","parent":"xian25","length":19.94,"x":20.98},{"name":"xian27","parent":"xian26","length":19.94,"x":20.78},{"name":"xian28","parent":"xian27","length":19.94,"x":20.62},{"name":"xian29","parent":"xian28","length":19.94,"x":20.98},{"name":"xian30","parent":"xian29","length":19.94,"x":20.95},{"name":"xian31","parent":"xian30","length":19.94,"x":20.98},{"name":"xian32","parent":"xian31","length":19.94,"x":20.78},{"name":"xian33","parent":"xian32","length":19.94,"x":20.62},{"name":"xian34","parent":"xian33","length":19.94,"x":20.98},{"name":"xian35","parent":"xian34","length":19.94,"x":20.67},{"name":"xian36","parent":"xian35","length":19.94,"x":20.62},{"name":"xian37","parent":"xian36","length":19.94,"x":20.98},{"name":"xian38","parent":"xian37","length":19.94,"x":20.78},{"name":"xian39","parent":"xian38","length":19.94,"x":20.62},{"name":"xian40","parent":"xian39","length":19.94,"x":20.98},{"name":"xian41","parent":"xian40","length":19.94,"x":20.95},{"name":"xian42","parent":"xian41","length":19.94,"x":20.98},{"name":"xian43","parent":"xian42","length":19.94,"x":20.78},{"name":"xian44","parent":"xian43","length":19.94,"x":20.62},{"name":"xian45","parent":"xian44","length":19.94,"x":20.98},{"name":"xian46","parent":"xian45","length":19.94,"x":21.22},{"name":"xian47","parent":"xian46","length":19.94,"x":20.62},{"name":"xian48","parent":"xian47","length":19.94,"x":20.98},{"name":"xian49","parent":"xian48","length":19.94,"x":20.78},{"name":"xian50","parent":"xian49","length":19.94,"x":20.62},{"name":"xian51","parent":"xian50","length":19.94,"x":20.98},{"name":"xian52","parent":"xian51","length":19.94,"x":20.95},{"name":"xian53","parent":"xian52","length":19.94,"x":20.98},{"name":"xian54","parent":"xian53","length":19.94,"x":20.78},{"name":"xian55","parent":"xian54","length":19.94,"x":20.62},{"name":"xian56","parent":"xian55","length":19.94,"x":20.98},{"name":"xian57","parent":"xian56","length":19.94,"x":20.67},{"name":"xian58","parent":"xian57","length":19.94,"x":20.62},{"name":"xian59","parent":"xian58","length":19.94,"x":20.98},{"name":"xian60","parent":"xian59","length":19.94,"x":20.78},{"name":"xian61","parent":"xian60","length":19.94,"x":20.62},{"name":"xian62","parent":"xian61","length":19.94,"x":20.98},{"name":"xian63","parent":"xian62","length":19.94,"x":20.95},{"name":"xian64","parent":"xian63","length":19.94,"x":20.98},{"name":"xian65","parent":"xian64","length":19.94,"x":20.78},{"name":"xian66","parent":"xian65","length":19.94,"x":20.62},{"name":"xian67","parent":"xian66","length":19.94,"x":20.98},{"name":"xian68","parent":"xian67","length":19.94,"x":21.2},{"name":"xian69","parent":"xian68","length":19.94,"x":20.62},{"name":"xian70","parent":"xian69","length":19.94,"x":20.98},{"name":"xian71","parent":"xian70","length":19.94,"x":20.78},{"name":"xian72","parent":"xian71","length":19.94,"x":20.62},{"name":"xian73","parent":"xian72","length":19.94,"x":20.98},{"name":"xian74","parent":"xian73","length":19.94,"x":20.95},{"name":"xian75","parent":"xian74","length":19.94,"x":20.98},{"name":"xian76","parent":"xian75","length":19.94,"x":20.78},{"name":"xian77","parent":"xian76","length":19.94,"x":20.62},{"name":"xian78","parent":"xian77","length":19.94,"x":20.98},{"name":"xian79","parent":"xian78","length":19.94,"x":20.67},{"name":"xian80","parent":"xian79","length":19.94,"x":20.62},{"name":"xian81","parent":"xian80","length":19.94,"x":20.98},{"name":"xian82","parent":"xian81","length":19.94,"x":20.78},{"name":"xian83","parent":"xian82","length":19.94,"x":20.62},{"name":"xian84","parent":"xian83","length":19.94,"x":20.98},{"name":"xian85","parent":"xian84","length":19.94,"x":20.95},{"name":"xian86","parent":"xian85","length":19.94,"x":20.98},{"name":"xian87","parent":"xian86","length":19.94,"x":20.78},{"name":"xian88","parent":"xian87","length":19.94,"x":20.62},{"name":"xian89","parent":"xian88","length":19.94,"x":20.98},{"name":"xian90","parent":"xian89","length":19.94,"x":21.19},{"name":"xian91","parent":"xian90","length":19.94,"x":20.98},{"name":"xian92","parent":"xian91","length":19.94,"x":20.95},{"name":"xian93","parent":"xian92","length":19.94,"x":20.98},{"name":"xian94","parent":"xian93","length":19.94,"x":20.78},{"name":"xian95","parent":"xian94","length":19.94,"x":20.62},{"name":"xian96","parent":"xian95","length":11.34,"x":20.98},{"name":"骨骼","parent":"2"},{"name":"骨骼2","parent":"root","y":-37.04}],"slots":[{"name":"地图2","bone":"骨骼2"},{"name":"地图","bone":"骨骼","color":"ffffffa3"},{"name":"2","bone":"2","attachment":"2"},{"name":"xian","bone":"xian","attachment":"xian"},{"name":"1","bone":"2","attachment":"1"}],"path":[{"name":"1","order":0,"bones":["xian","xian2","xian3","xian4","xian5","xian6","xian7","xian8","xian9","xian10","xian11","xian12","xian13","xian14","xian15","xian16","xian17","xian18","xian19","xian20","xian21","xian22","xian23","xian24","xian25","xian26","xian27","xian28","xian29","xian30","xian31","xian32","xian33","xian34","xian35","xian36","xian37","xian38","xian39","xian40","xian41","xian42","xian43","xian44","xian45","xian46","xian47","xian48","xian49","xian50","xian51","xian52","xian53","xian54","xian55","xian56","xian57","xian58","xian59","xian60","xian61","xian62","xian63","xian64","xian65","xian66","xian67","xian68","xian69","xian70","xian71","xian72","xian73","xian74","xian75","xian76","xian77","xian78","xian79","xian80","xian81","xian82","xian83","xian84","xian85","xian86","xian87","xian88","xian89","xian90","xian91","xian92","xian93","xian94","xian95","xian96"],"target":"1","position":0.02,"spacing":2.8}],"skins":{"default":{"1":{"1":{"type":"path","constantSpeed":false,"lengths":[383.3,703.62,913.66,1174.09,1314.13,1488.55,1634.47,1926.9,2105.18,2290.54,2498.55,2729.53,3335.15],"vertexCount":39,"vertices":[100.08,192.99,100.08,192.99,100.08,192.99,-83.05,359.07,-163.78,337.27,-240.95,316.44,-238.5,162.87,-219.51,105.38,-197.78,39.61,-159.98,7.95,-103.58,-4.7,-47.17,-17.35,48.55,29.72,101.12,28.36,148.71,27.13,181.66,17.3,202.73,-9.56,225.05,-38.02,244.36,-111.09,230.56,-142.53,213.69,-180.95,172.72,-178.56,126.63,-170.79,58.65,-159.33,-32.25,-86.02,-87.28,-77.71,-142.44,-69.38,-183.6,-98.03,-208.91,-136.22,-234.23,-174.41,-243.89,-243.61,-215.08,-276.8,-181.94,-314.98,-100.41,-312.03,-56.79,-297.93,-11.39,-283.25,50.35,-227.14,114.11,-289.11,150.6,-324.57]}},"2":{"2":{"type":"clipping","end":"2","vertexCount":7,"vertices":[137.69,-286.36,99.04,-320.47,-252.23,-367.08,-400.02,-36.27,-201.08,416.18,218.4,374.12,417.34,-84.01],"color":"ce3a3a00"}},"xian":{"xian":{"type":"mesh","uvs":[1,1,0,1,0,0.99355,0,0.9871,0,0.98065,0,0.97419,0,0.96774,0,0.96129,0,0.95484,0,0.94839,0,0.94194,0,0.93548,0,0.92903,0,0.92258,0,0.91613,0,0.90968,0,0.90323,0,0.89677,0,0.89032,0,0.88387,0,0.87742,0,0.87097,0,0.86452,0,0.85806,0,0.85161,0,0.84516,0,0.83871,0,0.83226,0,0.82581,0,0.81936,0,0.8129,0,0.80645,0,0.8,0,0.79355,0,0.7871,0,0.78065,0,0.77419,0,0.76774,0,0.76129,0,0.75484,0,0.74839,0,0.74194,0,0.73548,0,0.72903,0,0.72258,0,0.71613,0,0.70968,0,0.70323,0,0.69677,0,0.69032,0,0.68387,0,0.67742,0,0.67097,0,0.66452,0,0.65806,0,0.65161,0,0.64516,0,0.63871,0,0.63226,0,0.62581,0,0.61936,0,0.6129,0,0.60645,0,0.6,0,0.59355,0,0.5871,0,0.58065,0,0.57419,0,0.56774,0,0.56129,0,0.55484,0,0.54839,0,0.54194,0,0.53548,0,0.52903,0,0.52258,0,0.51613,0,0.50968,0,0.50323,0,0.49677,0,0.49032,0,0.48387,0,0.47742,0,0.47097,0,0.46452,0,0.45807,0,0.45161,0,0.44516,0,0.43871,0,0.43226,0,0.42581,0,0.41936,0,0.4129,0,0.40645,0,0.4,0,0.39355,0,0.3871,0,0.38065,0,0.37419,0,0.36774,0,0.36129,0,0.35484,0,0.34839,0,0.34194,0,0.33548,0,0.32903,0,0.32258,0,0.31613,0,0.30968,0,0.30323,0,0.29677,0,0.29032,0,0.28387,0,0.27742,0,0.27097,0,0.26452,0,0.25807,0,0.25161,0,0.24516,0,0.23871,0,0.23226,0,0.22581,0,0.21936,0,0.2129,0,0.20645,0,0.2,0,0.19355,0,0.1871,0,0.18065,0,0.17419,0,0.16774,0,0.16129,0,0.15484,0,0.14839,0,0.14194,0,0.13548,0,0.12903,0,0.12258,0,0.11613,0,0.10968,0,0.10323,0,0.09678,0,0.09032,0,0.08387,0,0.07742,0,0.07097,0,0.06452,0,0.05807,0,0.05161,0,0.04516,0,0.03871,0,0.03226,0,0.02581,0,0.01936,0,0.0129,0,0.00645,0,0,1,0,1,0.00645,1,0.0129,1,0.01935,1,0.02581,1,0.03226,1,0.03871,1,0.04516,1,0.05161,1,0.05806,1,0.06452,1,0.07097,1,0.07742,1,0.08387,1,0.09032,1,0.09677,1,0.10323,1,0.10968,1,0.11613,1,0.12258,1,0.12903,1,0.13548,1,0.14194,1,0.14839,1,0.15484,1,0.16129,1,0.16774,1,0.17419,1,0.18065,1,0.1871,1,0.19355,1,0.2,1,0.20645,1,0.2129,1,0.21935,1,0.22581,1,0.23226,1,0.23871,1,0.24516,1,0.25161,1,0.25806,1,0.26452,1,0.27097,1,0.27742,1,0.28387,1,0.29032,1,0.29677,1,0.30323,1,0.30968,1,0.31613,1,0.32258,1,0.32903,1,0.33548,1,0.34194,1,0.34839,1,0.35484,1,0.36129,1,0.36774,1,0.37419,1,0.38064,1,0.3871,1,0.39355,1,0.4,1,0.40645,1,0.4129,1,0.41935,1,0.42581,1,0.43226,1,0.43871,1,0.44516,1,0.45161,1,0.45806,1,0.46452,1,0.47097,1,0.47742,1,0.48387,1,0.49032,1,0.49677,1,0.50323,1,0.50968,1,0.51613,1,0.52258,1,0.52903,1,0.53548,1,0.54194,1,0.54839,1,0.55484,1,0.56129,1,0.56774,1,0.57419,1,0.58064,1,0.5871,1,0.59355,1,0.6,1,0.60645,1,0.6129,1,0.61935,1,0.62581,1,0.63226,1,0.63871,1,0.64516,1,0.65161,1,0.65806,1,0.66452,1,0.67097,1,0.67742,1,0.68387,1,0.69032,1,0.69677,1,0.70323,1,0.70968,1,0.71613,1,0.72258,1,0.72903,1,0.73548,1,0.74193,1,0.74839,1,0.75484,1,0.76129,1,0.76774,1,0.77419,1,0.78064,1,0.7871,1,0.79355,1,0.8,1,0.80645,1,0.8129,1,0.81935,1,0.82581,1,0.83226,1,0.83871,1,0.84516,1,0.85161,1,0.85806,1,0.86452,1,0.87097,1,0.87742,1,0.88387,1,0.89032,1,0.89677,1,0.90323,1,0.90968,1,0.91613,1,0.92258,1,0.92903,1,0.93548,1,0.94193,1,0.94839,1,0.95484,1,0.96129,1,0.96774,1,0.97419,1,0.98064,1,0.9871,1,0.99355],"triangles":[155,157,156,158,157,155,154,158,155,159,158,154,153,159,154,160,159,153,152,160,153,161,160,152,151,161,152,162,161,151,150,162,151,163,162,150,149,163,150,164,163,149,147,165,148,148,164,149,165,164,148,166,165,147,146,166,147,167,166,146,145,167,146,168,167,145,144,168,145,169,168,144,143,169,144,170,169,143,142,170,143,171,170,142,141,171,142,172,171,141,140,172,141,138,174,139,173,172,140,139,173,140,174,173,139,175,174,138,137,175,138,176,175,137,136,176,137,177,176,136,135,177,136,178,177,135,134,178,135,179,178,134,133,179,134,180,179,133,132,180,133,181,180,132,131,181,132,182,181,131,130,182,131,183,182,130,129,183,130,184,183,129,128,184,129,185,184,128,127,185,128,186,185,127,126,186,127,187,186,126,125,187,126,188,187,125,124,188,125,189,188,124,123,189,124,190,189,123,122,190,123,121,191,122,192,191,121,191,190,122,120,192,121,193,192,120,119,193,120,194,193,119,118,194,119,195,194,118,117,195,118,196,195,117,116,196,117,197,196,116,115,197,116,198,197,115,200,199,113,112,200,113,201,200,112,114,198,115,199,198,114,113,199,114,111,201,112,202,201,111,110,202,111,203,202,110,109,203,110,204,203,109,108,204,109,205,204,108,107,205,108,206,205,107,106,206,107,207,206,106,105,207,106,208,207,105,104,208,105,209,208,104,103,209,104,210,209,103,102,210,103,211,210,102,101,211,102,212,211,101,100,212,101,213,212,100,99,213,100,214,213,99,98,214,99,215,214,98,97,215,98,216,215,97,95,217,96,218,217,95,96,216,97,217,216,96,94,218,95,219,218,94,93,219,94,220,219,93,92,220,93,221,220,92,91,221,92,222,221,91,90,222,91,223,222,90,89,223,90,224,223,89,88,224,89,225,224,88,87,225,88,226,225,87,86,226,87,227,226,86,85,227,86,228,227,85,84,228,85,229,228,84,83,229,84,230,229,83,82,230,83,231,230,82,81,231,82,232,231,81,80,232,81,233,232,80,79,233,80,234,233,79,78,234,79,235,234,78,77,235,78,236,235,77,76,236,77,237,236,76,75,237,76,238,237,75,74,238,75,239,238,74,73,239,74,240,239,73,72,240,73,241,240,72,71,241,72,242,241,71,69,243,70,70,242,71,243,242,70,244,243,69,68,244,69,245,244,68,67,245,68,246,245,67,66,246,67,247,246,66,65,247,66,248,247,65,64,248,65,249,248,64,63,249,64,250,249,63,62,250,63,251,250,62,61,251,62,252,251,61,60,252,61,253,252,60,59,253,60,254,253,59,58,254,59,255,254,58,57,255,58,256,255,57,56,256,57,257,256,56,55,257,56,258,257,55,54,258,55,259,258,54,53,259,54,260,259,53,52,260,53,261,260,52,51,261,52,262,261,51,50,262,51,263,262,50,49,263,50,264,263,49,48,264,49,265,264,48,47,265,48,266,265,47,46,266,47,267,266,46,45,267,46,268,267,45,269,268,44,43,269,44,44,268,45,270,269,43,42,270,43,271,270,42,41,271,42,272,271,41,40,272,41,273,272,40,39,273,40,274,273,39,38,274,39,275,274,38,37,275,38,276,275,37,36,276,37,277,276,36,35,277,36,278,277,35,34,278,35,279,278,34,33,279,34,280,279,33,32,280,33,281,280,32,31,281,32,282,281,31,30,282,31,283,282,30,29,283,30,284,283,29,28,284,29,285,284,28,27,285,28,26,286,27,287,286,26,286,285,27,25,287,26,288,287,25,24,288,25,289,288,24,290,289,23,23,289,24,291,290,22,21,291,22,292,291,21,22,290,23,20,292,21,293,292,20,19,293,20,17,295,18,18,294,19,294,293,19,295,294,18,296,295,17,16,296,17,297,296,16,14,298,15,15,297,16,298,297,15,299,298,14,13,299,14,300,299,13,12,300,13,303,302,10,10,302,11,301,300,12,11,301,12,302,301,11,304,303,9,9,303,10,8,304,9,305,304,8,7,305,8,306,305,7,6,306,7,307,306,6,5,307,6,308,307,5,4,308,5,309,308,4,3,309,4,310,309,3,2,310,3,311,310,2,1,311,2,0,311,1],"vertices":[2,3,-1.68,-9.01,0.88591,4,-23.51,-9.01,0.11409,2,3,-1.66,8.99,0.8874,4,-23.49,8.99,0.1126,3,3,11.87,8.99,0.66667,4,-9.96,8.99,0.29789,5,-30.57,8.99,0.03544,3,3,25.9,8.99,0.33333,4,4.07,8.99,0.48468,5,-16.55,8.99,0.18199,4,3,40.21,8.99,0.11111,4,18.38,8.99,0.44924,5,-2.24,8.99,0.32854,6,-23.21,8.99,0.11111,4,4,32.7,8.99,0.26246,5,12.09,8.99,0.40421,6,-8.89,8.99,0.29891,7,-29.67,8.99,0.03442,5,4,46.76,8.99,0.07567,5,26.15,8.99,0.25766,6,5.17,8.99,0.48672,7,-15.61,8.99,0.17277,8,-36.23,8.99,0.00717,4,5,39.71,8.99,0.11111,6,18.73,8.99,0.4523,7,-2.05,8.99,0.34367,8,-22.67,8.99,0.09292,4,6,31.66,8.99,0.2645,7,10.87,8.99,0.44573,8,-9.74,8.99,0.2803,9,-30.72,8.99,0.00948,4,6,43.91,8.99,0.07669,7,23.13,8.99,0.33991,8,2.51,8.99,0.45766,9,-18.46,8.99,0.12574,4,7,34.82,8.99,0.16902,8,14.2,8.99,0.47787,9,-6.78,8.99,0.351,10,-27.73,8.99,0.00211,4,7,46.11,8.99,0.03254,8,25.49,8.99,0.29481,9,4.52,8.99,0.55732,10,-16.43,8.99,0.11533,4,8,36.62,8.99,0.11028,9,15.64,8.99,0.55006,10,-5.31,8.99,0.30901,11,-26.29,8.99,0.03065,4,8,47.78,8.99,0.00432,9,26.8,8.99,0.32479,10,5.85,8.99,0.49846,11,-15.12,8.99,0.17242,4,9,38.17,8.99,0.109,10,17.22,8.99,0.4657,11,-3.76,8.99,0.37838,12,-24.54,8.99,0.04692,4,10,28.87,8.99,0.27202,11,7.9,8.99,0.52303,12,-12.88,8.99,0.20355,13,-33.5,8.99,0.0014,4,10,40.84,8.99,0.08046,11,19.87,8.99,0.44545,12,-0.92,8.99,0.38906,13,-21.53,8.99,0.08503,3,11,32.12,8.99,0.2395,12,11.34,8.99,0.48074,13,-9.28,8.99,0.27976,4,11,44.61,8.99,0.06419,12,23.83,8.99,0.353,13,3.21,8.99,0.47328,14,-17.76,8.99,0.10952,4,12,36.49,8.99,0.16749,13,15.87,8.99,0.50236,14,-5.1,8.99,0.27601,15,-25.78,8.99,0.05415,5,12,49.26,8.99,0.02889,13,28.64,8.99,0.30921,14,7.67,8.99,0.44249,15,-13.01,8.99,0.21543,16,-33.62,8.99,0.00399,4,13,41.48,8.99,0.11429,14,20.5,8.99,0.38993,15,-0.17,8.99,0.39983,16,-20.79,8.99,0.09596,5,13,54.35,8.99,0.00159,14,33.37,8.99,0.22344,15,12.7,8.99,0.47593,16,-7.92,8.99,0.26531,17,-28.89,8.99,0.03373,5,14,46.26,8.99,0.05696,15,25.59,8.99,0.33777,16,4.97,8.99,0.4267,17,-16,8.99,0.17706,18,-36.79,8.99,0.0015,4,15,38.49,8.99,0.15337,16,17.87,8.99,0.41211,17,-3.1,8.99,0.35066,18,-23.89,8.99,0.08385,5,15,51.39,8.99,0.02312,16,30.77,8.99,0.24276,17,9.79,8.99,0.45681,18,-10.99,8.99,0.26492,19,-31.61,8.99,0.01239,4,16,43.67,8.99,0.07738,17,22.7,8.99,0.34374,18,1.92,8.99,0.45663,19,-18.7,8.99,0.12225,4,17,35.6,8.99,0.17014,18,14.82,8.99,0.48664,19,-5.8,8.99,0.26878,20,-26.78,8.99,0.07444,5,17,48.5,8.99,0.03026,18,27.72,8.99,0.31921,19,7.1,8.99,0.39054,20,-13.87,8.99,0.2599,21,-34.82,8.99,9.0E-5,4,18,40.63,8.99,0.126,19,20.01,8.99,0.31734,20,-0.97,8.99,0.49276,21,-21.92,8.99,0.0639,5,18,53.53,8.99,0.01364,19,32.91,8.99,0.17081,20,11.93,8.99,0.58133,21,-9.02,8.99,0.22246,22,-29.99,8.99,0.01176,5,19,45.81,8.99,0.03667,20,24.84,8.99,0.44787,21,3.89,8.99,0.38211,22,-17.09,8.99,0.13306,23,-37.87,8.99,2.9E-4,5,20,37.74,8.99,0.21962,21,16.79,8.99,0.41433,22,-4.19,8.99,0.30019,23,-24.97,8.99,0.06584,25,-66.56,8.99,2.0E-5,6,20,50.64,8.99,0.05663,21,29.69,8.99,0.25704,22,8.72,8.99,0.44479,23,-12.06,8.99,0.23546,24,-32.68,8.99,0.00497,25,-53.66,8.99,0.00112,6,20,63.55,8.99,0.00462,21,42.6,8.99,0.09729,22,21.62,8.99,0.37031,23,0.84,8.99,0.41216,24,-19.78,8.99,0.10008,25,-40.75,8.99,0.01553,6,20,76.45,8.99,2.0E-5,21,55.5,8.99,0.00127,22,34.52,8.99,0.20416,23,13.74,8.99,0.45835,24,-6.88,8.99,0.20902,25,-27.85,8.99,0.12718,4,22,47.43,8.99,0.04781,23,26.64,8.99,0.29639,24,6.03,8.99,0.30801,25,-14.95,8.99,0.34779,5,22,60.33,8.99,9.9E-4,23,39.55,8.99,0.11939,24,18.93,8.99,0.22673,25,-2.05,8.99,0.59607,26,-23.25,8.99,0.05682,5,23,52.45,8.99,0.00766,24,31.83,8.99,0.1178,25,10.86,8.99,0.6498,26,-10.34,8.99,0.20766,27,-30.96,8.99,0.01709,4,24,44.74,8.99,0.01383,25,23.76,8.99,0.48239,26,2.56,8.99,0.36456,27,-18.06,8.99,0.13923,4,25,36.66,8.99,0.2197,26,15.46,8.99,0.40782,27,-5.16,8.99,0.31532,28,-26.13,8.99,0.05716,5,25,49.57,8.99,0.05429,26,28.37,8.99,0.26304,27,7.75,8.99,0.45724,28,-13.23,8.99,0.22218,29,-34.01,8.99,0.00325,4,26,41.27,8.99,0.10614,27,20.65,8.99,0.38905,28,-0.32,8.99,0.40705,29,-21.11,8.99,0.09776,5,26,54.17,8.99,0.00606,27,33.55,8.99,0.21296,28,12.58,8.99,0.47774,29,-8.2,8.99,0.2694,30,-28.82,8.99,0.03384,4,27,46.46,8.99,0.05395,28,25.48,8.99,0.3327,29,4.7,8.99,0.43455,30,-15.92,8.99,0.1788,4,28,38.38,8.99,0.14797,29,17.6,8.99,0.41716,30,-3.02,8.99,0.36806,31,-23.99,8.99,0.06681,4,28,51.29,8.99,0.02012,29,30.51,8.99,0.24552,30,9.89,8.99,0.48963,31,-11.09,8.99,0.24473,5,28,64.19,8.99,1.4E-4,29,43.41,8.99,0.07713,30,22.79,8.99,0.38898,31,1.82,8.99,0.42265,32,-19.13,8.99,0.11111,3,30,35.69,8.99,0.19972,31,14.72,8.99,0.46695,32,-6.23,8.99,0.33333,5,30,48.6,8.99,0.0443,31,27.62,8.99,0.28903,32,6.67,8.99,0.5862,33,-14.3,8.99,0.0765,34,-35.09,8.99,0.00397,4,31,40.53,8.99,0.11111,32,19.57,8.99,0.61985,33,-1.4,8.99,0.17017,34,-22.18,8.99,0.09887,4,32,32.48,8.99,0.43128,33,11.5,8.99,0.26383,34,-9.28,8.99,0.28172,35,-29.9,8.99,0.02316,4,32,45.38,8.99,0.18143,33,24.41,8.99,0.20449,34,3.62,8.99,0.45844,35,-16.99,8.99,0.15564,5,32,58.28,8.99,0.03666,33,37.31,8.99,0.11082,34,16.53,8.99,0.45328,35,-4.09,8.99,0.33235,36,-25.07,8.99,0.06688,6,32,71.19,8.99,0.00301,33,50.21,8.99,0.01716,34,29.43,8.99,0.27223,35,8.81,8.99,0.46273,36,-12.16,8.99,0.23301,37,-32.84,8.99,0.01186,4,34,42.33,8.99,0.09155,35,21.72,8.99,0.37448,36,0.74,8.99,0.41214,37,-19.94,8.99,0.12183,5,34,55.24,8.99,0.0018,35,34.62,8.99,0.19778,36,13.64,8.99,0.45751,37,-7.03,8.99,0.30559,38,-27.65,8.99,0.03733,5,35,47.52,8.99,0.04423,36,26.55,8.99,0.30437,37,5.87,8.99,0.46563,38,-14.75,8.99,0.17583,39,-35.72,8.99,0.00995,4,36,39.45,8.99,0.12524,37,18.77,8.99,0.42944,38,-1.84,8.99,0.34708,39,-22.82,8.99,0.09824,5,36,52.35,8.99,0.01299,37,31.68,8.99,0.24568,38,11.06,8.99,0.44514,39,-9.92,8.99,0.28288,40,-30.7,8.99,0.01331,4,37,44.58,8.99,0.07378,38,23.96,8.99,0.34087,39,2.99,8.99,0.45765,40,-17.79,8.99,0.1277,4,38,36.87,8.99,0.17107,39,15.89,8.99,0.47573,40,-4.89,8.99,0.29929,41,-25.51,8.99,0.05391,4,38,49.77,8.99,0.03568,39,28.79,8.99,0.30111,40,8.01,8.99,0.44431,41,-12.61,8.99,0.2189,5,38,62.67,8.99,0.00146,39,41.7,8.99,0.11639,40,20.92,8.99,0.38715,41,0.3,8.99,0.38389,42,-20.68,8.99,0.11111,6,39,54.6,8.99,0.01002,40,33.82,8.99,0.21559,41,13.2,8.99,0.44106,42,-7.78,8.99,0.31169,43,-28.73,8.99,0.02097,44,-49.7,8.99,6.7E-4,5,40,46.72,8.99,0.05727,41,26.1,8.99,0.27607,42,5.13,8.99,0.51227,43,-15.82,8.99,0.13215,44,-36.8,8.99,0.02225,5,40,59.62,8.99,3.0E-5,41,39.01,8.99,0.11108,42,18.03,8.99,0.49063,43,-2.92,8.99,0.25231,44,-23.9,8.99,0.14595,4,42,30.93,8.99,0.29005,43,9.98,8.99,0.33052,44,-10.99,8.99,0.36416,45,-31.77,8.99,0.01527,4,42,43.84,8.99,0.08947,43,22.89,8.99,0.22833,44,1.91,8.99,0.55005,45,-18.87,8.99,0.13215,4,43,35.79,8.99,0.10817,44,14.81,8.99,0.53169,45,-5.97,8.99,0.31646,46,-26.59,8.99,0.04367,5,43,48.69,8.99,0.00899,44,27.72,8.99,0.32232,45,6.94,8.99,0.47023,46,-13.68,8.99,0.19597,47,-34.66,8.99,0.00249,4,44,40.62,8.99,0.11485,45,19.84,8.99,0.42079,46,-0.78,8.99,0.34827,47,-21.76,8.99,0.11609,5,44,53.52,8.99,0.00951,45,32.74,8.99,0.23648,46,12.12,8.99,0.41322,47,-8.85,8.99,0.33379,48,-30.07,8.99,0.007,4,45,45.64,8.99,0.06744,46,25.03,8.99,0.26092,47,4.05,8.99,0.54652,48,-17.17,8.99,0.12512,4,46,37.93,8.99,0.10862,47,16.95,8.99,0.53703,48,-4.26,8.99,0.28838,49,-24.88,8.99,0.06597,4,47,29.86,8.99,0.31932,48,8.64,8.99,0.43763,49,-11.98,8.99,0.23947,50,-32.95,8.99,0.00357,4,47,42.76,8.99,0.10411,48,21.54,8.99,0.36466,49,0.93,8.99,0.41298,50,-20.05,8.99,0.11825,4,48,34.45,8.99,0.2014,49,13.83,8.99,0.45456,50,-7.15,8.99,0.30079,51,-27.93,8.99,0.04325,4,48,47.35,8.99,0.04514,49,26.73,8.99,0.28105,50,5.76,8.99,0.48008,51,-15.03,8.99,0.19373,4,49,39.64,8.99,0.10754,50,18.66,8.99,0.43713,51,-2.12,8.99,0.37539,52,-22.74,8.99,0.07993,4,50,31.56,8.99,0.25847,51,10.78,8.99,0.47057,52,-9.84,8.99,0.26508,53,-30.81,8.99,0.00589,4,50,44.47,8.99,0.07561,51,23.68,8.99,0.35126,52,3.07,8.99,0.45023,53,-17.91,8.99,0.12289,5,50,57.37,8.99,0.00388,51,36.59,8.99,0.1696,52,15.97,8.99,0.47553,53,-5.01,8.99,0.27281,54,-25.96,8.99,0.07819,4,51,49.49,8.99,0.03118,52,28.87,8.99,0.29038,53,7.9,8.99,0.41096,54,-13.05,8.99,0.26749,4,52,41.78,8.99,0.10522,53,20.8,8.99,0.32688,54,-0.15,8.99,0.45678,55,-21.13,8.99,0.11111,4,53,33.7,8.99,0.17696,54,12.75,8.99,0.48971,55,-8.22,8.99,0.29938,56,-29,8.99,0.03395,4,53,46.61,8.99,0.03292,54,25.66,8.99,0.30041,55,4.68,8.99,0.49123,56,-16.1,8.99,0.17544,4,54,38.56,8.99,0.11111,55,17.58,8.99,0.46086,56,-3.2,8.99,0.35732,57,-23.82,8.99,0.07071,3,55,30.49,8.99,0.27616,56,9.71,8.99,0.47152,57,-10.91,8.99,0.25232,4,55,43.39,8.99,0.08431,56,22.61,8.99,0.37064,57,1.99,8.99,0.43393,58,-18.99,8.99,0.11111,5,55,56.29,8.99,0.00358,56,35.51,8.99,0.18897,57,14.89,8.99,0.47412,58,-6.08,8.99,0.28916,59,-26.76,8.99,0.04418,5,56,48.41,8.99,0.04082,57,27.8,8.99,0.29251,58,6.82,8.99,0.4672,59,-13.85,8.99,0.19644,60,-34.47,8.99,0.00302,5,56,61.32,8.99,2.1E-4,57,40.7,8.99,0.1109,58,19.72,8.99,0.42303,59,-0.95,8.99,0.36921,60,-21.57,8.99,0.09665,3,58,32.63,8.99,0.24498,59,11.95,8.99,0.45363,60,-8.66,8.99,0.30139,5,58,45.53,8.99,0.06694,59,24.86,8.99,0.32187,60,4.24,8.99,0.50008,61,-16.74,8.99,0.11101,62,-37.52,8.99,1.0E-4,4,59,37.76,8.99,0.1491,60,17.14,8.99,0.51757,61,-3.83,8.99,0.26606,62,-24.62,8.99,0.06727,6,59,50.66,8.99,0.02051,60,30.05,8.99,0.31283,61,9.07,8.99,0.42111,62,-11.71,8.99,0.23143,63,-32.33,8.99,0.0139,64,-53.31,8.99,2.3E-4,5,60,42.95,8.99,0.11111,61,21.97,8.99,0.35415,62,1.19,8.99,0.40741,63,-19.43,8.99,0.11746,64,-40.4,8.99,0.00987,4,61,34.88,8.99,0.1991,62,14.09,8.99,0.44926,63,-6.52,8.99,0.24834,64,-27.5,8.99,0.1033,4,61,47.78,8.99,0.04405,62,27,8.99,0.29715,63,6.38,8.99,0.35141,64,-14.6,8.99,0.3074,4,62,39.9,8.99,0.12106,63,19.28,8.99,0.27517,64,-1.69,8.99,0.49266,65,-22.64,8.99,0.11111,4,62,52.8,8.99,0.01204,63,32.19,8.99,0.1443,64,11.21,8.99,0.51033,65,-9.74,8.99,0.33333,4,63,45.09,8.99,0.02732,64,24.11,8.99,0.30601,65,3.16,8.99,0.55556,66,-17.81,8.99,0.11111,4,64,37.02,8.99,0.11111,65,16.06,8.99,0.55556,66,-4.91,8.99,0.27592,67,-25.69,8.99,0.05742,4,65,28.97,8.99,0.33333,66,7.99,8.99,0.44072,67,-12.79,8.99,0.22127,68,-33.41,8.99,0.00467,4,65,41.87,8.99,0.11111,66,20.9,8.99,0.3833,67,0.11,8.99,0.40335,68,-20.5,8.99,0.10224,3,66,33.8,8.99,0.2185,67,13.02,8.99,0.4706,68,-7.6,8.99,0.31091,4,66,46.7,8.99,0.05369,67,25.92,8.99,0.32497,68,5.3,8.99,0.51023,69,-15.67,8.99,0.11111,4,67,38.82,8.99,0.14289,68,18.21,8.99,0.52378,69,-2.77,8.99,0.24571,70,-23.97,8.99,0.08762,5,67,51.73,8.99,0.01823,68,31.11,8.99,0.31511,69,10.13,8.99,0.38031,70,-11.07,8.99,0.27837,71,-31.69,8.99,0.00798,4,68,44.01,8.99,0.11111,69,23.04,8.99,0.29269,70,1.83,8.99,0.4757,71,-18.78,8.99,0.1205,4,69,35.94,8.99,0.15809,70,14.74,8.99,0.49778,71,-5.88,8.99,0.27116,72,-26.86,8.99,0.07296,5,69,48.84,8.99,0.02349,70,27.64,8.99,0.31361,71,7.02,8.99,0.40586,72,-13.95,8.99,0.25619,73,-34.74,8.99,8.5E-4,4,70,40.54,8.99,0.11628,71,19.93,8.99,0.33149,72,-1.05,8.99,0.46414,73,-21.83,8.99,0.08808,5,70,53.45,8.99,0.00658,71,32.83,8.99,0.18083,72,11.85,8.99,0.52618,73,-8.93,8.99,0.26091,74,-29.55,8.99,0.02551,4,71,45.73,8.99,0.03815,72,24.76,8.99,0.36769,73,3.97,8.99,0.43412,74,-16.64,8.99,0.16004,5,72,37.66,8.99,0.15973,73,16.88,8.99,0.43458,74,-3.74,8.99,0.35459,75,-24.72,8.99,0.05095,76,-45.67,8.99,1.5E-4,5,72,50.56,8.99,0.02474,73,29.78,8.99,0.26382,74,9.16,8.99,0.49813,75,-11.81,8.99,0.20047,76,-32.76,8.99,0.01284,5,73,42.68,8.99,0.08976,74,22.07,8.99,0.42361,75,1.09,8.99,0.37543,76,-19.86,8.99,0.10975,77,-40.84,8.99,0.00145,5,73,55.59,8.99,0.00208,74,34.97,8.99,0.22906,75,13.99,8.99,0.44965,76,-6.96,8.99,0.26036,77,-27.93,8.99,0.05885,5,74,47.87,8.99,0.06001,75,26.9,8.99,0.32671,76,5.95,8.99,0.38591,77,-15.03,8.99,0.22071,78,-35.81,8.99,0.00666,5,75,39.8,8.99,0.15289,76,18.85,8.99,0.34301,77,-2.13,8.99,0.40642,78,-22.91,8.99,0.09762,79,-43.53,8.99,6.0E-5,5,75,52.7,8.99,0.02773,76,31.75,8.99,0.19225,77,10.78,8.99,0.48021,78,-10,8.99,0.27984,79,-30.62,8.99,0.01997,5,75,65.61,8.99,0.00115,76,44.66,8.99,0.05401,77,23.68,8.99,0.3451,78,2.9,8.99,0.45433,79,-17.72,8.99,0.14541,4,77,36.58,8.99,0.15795,78,15.8,8.99,0.46023,79,-4.82,8.99,0.2953,80,-25.79,8.99,0.08652,5,77,49.49,8.99,0.02675,78,28.7,8.99,0.28359,79,8.09,8.99,0.40551,80,-12.89,8.99,0.28079,81,-33.56,8.99,0.00336,4,78,41.61,8.99,0.10244,79,20.99,8.99,0.30467,80,0.01,8.99,0.49554,81,-20.66,8.99,0.09735,5,78,54.51,8.99,0.00558,79,33.89,8.99,0.15471,80,12.92,8.99,0.53725,81,-7.76,8.99,0.26523,82,-28.38,8.99,0.03722,5,79,46.8,8.99,0.02459,80,25.82,8.99,0.36346,81,5.15,8.99,0.42639,82,-15.47,8.99,0.17773,83,-36.45,8.99,0.00783,4,80,38.72,8.99,0.14871,81,18.05,8.99,0.40628,82,-2.57,8.99,0.35099,83,-23.54,8.99,0.09402,5,80,51.63,8.99,0.02048,81,30.95,8.99,0.23841,82,10.33,8.99,0.4498,83,-10.64,8.99,0.27884,84,-31.42,8.99,0.01248,4,81,43.86,8.99,0.07389,82,23.24,8.99,0.34205,83,2.26,8.99,0.45626,84,-18.52,8.99,0.1278,4,82,36.14,8.99,0.16879,83,15.17,8.99,0.47698,84,-5.62,8.99,0.29561,85,-26.23,8.99,0.05862,4,82,49.05,8.99,0.03275,83,28.07,8.99,0.30044,84,7.29,8.99,0.43846,85,-13.33,8.99,0.22835,4,83,40.97,8.99,0.11518,84,20.19,8.99,0.37563,85,-0.43,8.99,0.41127,86,-21.4,8.99,0.09792,5,83,53.88,8.99,0.00827,84,33.09,8.99,0.20782,85,12.48,8.99,0.47696,86,-8.5,8.99,0.30447,87,-29.45,8.99,0.00249,4,84,46,8.99,0.05249,85,25.38,8.99,0.32041,86,4.4,8.99,0.51101,87,-16.55,8.99,0.11608,4,85,38.28,8.99,0.13749,86,17.31,8.99,0.52172,87,-3.64,8.99,0.24634,88,-24.62,8.99,0.09445,5,85,51.18,8.99,0.01319,86,30.21,8.99,0.31517,87,9.26,8.99,0.37162,88,-11.72,8.99,0.28453,89,-32.5,8.99,0.01549,4,86,43.11,8.99,0.10862,87,22.16,8.99,0.27468,88,1.19,8.99,0.4809,89,-19.6,8.99,0.1358,4,87,35.06,8.99,0.14443,88,14.09,8.99,0.48836,89,-6.69,8.99,0.33195,90,-27.31,8.99,0.03526,4,87,47.97,8.99,0.01666,88,26.99,8.99,0.30457,89,6.21,8.99,0.49814,90,-14.41,8.99,0.18063,4,88,39.9,8.99,0.1082,89,19.11,8.99,0.45468,90,-1.5,8.99,0.328,91,-22.48,8.99,0.10911,5,88,52.8,8.99,0.00629,89,32.02,8.99,0.25954,90,11.4,8.99,0.40485,91,-9.58,8.99,0.31705,92,-30.77,8.99,0.01227,4,89,44.92,8.99,0.07786,90,24.3,8.99,0.26148,91,3.32,8.99,0.54591,92,-17.86,8.99,0.11475,5,89,57.82,8.99,0.00101,90,37.2,8.99,0.11411,91,16.23,8.99,0.55702,92,-4.96,8.99,0.27121,93,-25.94,8.99,0.05665,4,90,50.11,8.99,0.002,91,29.13,8.99,0.37046,92,7.94,8.99,0.40312,93,-13.03,8.99,0.22442,5,91,42.04,8.99,0.14208,92,20.85,8.99,0.35463,93,-0.13,8.99,0.41961,94,-21.08,8.99,0.08126,95,-42.05,8.99,0.00242,5,91,54.94,8.99,0.02186,92,33.75,8.99,0.19817,93,12.77,8.99,0.50205,94,-8.18,8.99,0.20501,95,-29.15,8.99,0.07292,5,91,67.84,8.99,4.7E-4,92,46.65,8.99,0.05398,93,25.68,8.99,0.36226,94,4.73,8.99,0.32876,95,-16.25,8.99,0.25453,4,93,38.58,8.99,0.16761,94,17.63,8.99,0.28999,95,-3.35,8.99,0.46702,96,-24.13,8.99,0.07537,5,93,51.48,8.99,0.02852,94,30.53,8.99,0.16624,95,9.56,8.99,0.54338,96,-11.23,8.99,0.25271,97,-31.84,8.99,0.00914,6,93,64.39,8.99,5.5E-4,94,43.44,8.99,0.04249,95,22.46,8.99,0.39751,96,1.68,8.99,0.44098,97,-18.94,8.99,0.11601,98,-39.92,8.99,0.00246,4,95,35.36,8.99,0.18259,96,14.58,8.99,0.4785,97,-6.04,8.99,0.27267,98,-27.01,8.99,0.06623,4,95,48.27,8.99,0.03574,96,27.48,8.99,0.31208,97,6.87,8.99,0.41106,98,-14.11,8.99,0.24111,3,96,40.39,8.99,0.12382,97,19.77,8.99,0.354,98,-1.21,8.99,0.52218,3,96,53.29,8.99,0.01092,97,32.67,8.99,0.24655,98,11.7,8.99,0.74253,3,96,53.29,-9.01,0.00339,97,32.67,-9.01,0.25595,98,11.7,-9.01,0.74066,3,96,40.39,-9.01,0.10136,97,19.77,-9.01,0.37962,98,-1.2,-9.01,0.51902,4,95,48.27,-9.01,0.04069,96,27.48,-9.01,0.26974,97,6.87,-9.01,0.45466,98,-14.11,-9.01,0.2349,4,95,35.36,-9.01,0.19078,96,14.58,-9.01,0.43305,97,-6.04,-9.01,0.31427,98,-27.01,-9.01,0.0619,4,94,43.44,-9.01,0.03153,95,22.46,-9.01,0.42044,96,1.68,-9.01,0.40723,97,-18.94,-9.01,0.1408,4,94,30.53,-9.01,0.16535,95,9.56,-9.01,0.57754,96,-11.22,-9.01,0.24056,97,-31.84,-9.01,0.01654,4,93,38.58,-9.01,0.10562,94,17.63,-9.01,0.3043,95,-3.35,-9.01,0.51622,96,-24.13,-9.01,0.07385,5,92,46.65,-9.01,0.08555,93,25.68,-9.01,0.23681,94,4.73,-9.01,0.38019,95,-16.25,-9.01,0.29573,96,-37.03,-9.01,0.00172,5,91,54.94,-9.01,0.00232,92,33.75,-9.01,0.27988,93,12.78,-9.01,0.36799,94,-8.17,-9.01,0.2515,95,-29.15,-9.01,0.0983,5,91,42.04,-9.01,0.11576,92,20.85,-9.01,0.47422,93,-0.13,-9.01,0.28793,94,-21.08,-9.01,0.11255,95,-42.05,-9.01,0.00954,6,90,50.11,-9.01,0.01075,91,29.13,-9.01,0.32956,92,7.94,-9.01,0.49746,93,-13.03,-9.01,0.15675,94,-33.98,-9.01,0.00513,95,-54.96,-9.01,3.6E-4,5,89,57.82,-9.01,2.2E-4,90,37.21,-9.01,0.13239,91,16.23,-9.01,0.53871,92,-4.96,-9.01,0.30312,93,-25.94,-9.01,0.02556,4,89,44.92,-9.01,0.06503,90,24.3,-9.01,0.30055,91,3.33,-9.01,0.52563,92,-17.86,-9.01,0.10879,4,88,52.8,-9.01,0.00701,89,32.02,-9.01,0.23393,90,11.4,-9.01,0.44722,91,-9.58,-9.01,0.31184,4,88,39.9,-9.01,0.12025,89,19.11,-9.01,0.40728,90,-1.5,-9.01,0.3721,91,-22.48,-9.01,0.10036,4,87,47.97,-9.01,0.05895,88,26.99,-9.01,0.28565,89,6.21,-9.01,0.45146,90,-14.41,-9.01,0.20394,4,87,35.07,-9.01,0.22902,88,14.09,-9.01,0.43702,89,-6.69,-9.01,0.28744,90,-27.31,-9.01,0.04652,4,86,43.11,-9.01,0.02971,87,22.16,-9.01,0.48048,88,1.19,-9.01,0.37594,89,-19.59,-9.01,0.11387,5,85,51.19,-9.01,0.0042,86,30.21,-9.01,0.15734,87,9.26,-9.01,0.62303,88,-11.71,-9.01,0.21054,89,-32.5,-9.01,0.00488,5,84,58.9,-9.01,1.1E-4,85,38.28,-9.01,0.11922,86,17.31,-9.01,0.28497,87,-3.64,-9.01,0.54354,88,-24.62,-9.01,0.05216,4,84,46,-9.01,0.05885,85,25.38,-9.01,0.28672,86,4.4,-9.01,0.35317,87,-16.55,-9.01,0.30125,5,83,53.88,-9.01,0.00976,84,33.1,-9.01,0.21895,85,12.48,-9.01,0.44583,86,-8.5,-9.01,0.22554,87,-29.45,-9.01,0.09993,5,83,40.97,-9.01,0.12085,84,20.19,-9.01,0.3886,85,-0.43,-9.01,0.38328,86,-21.4,-9.01,0.09791,87,-42.35,-9.01,0.00935,5,82,49.05,-9.01,0.02184,83,28.07,-9.01,0.32122,84,7.29,-9.01,0.44099,85,-13.33,-9.01,0.21578,87,-55.26,-9.01,1.8E-4,4,82,36.14,-9.01,0.15268,83,15.17,-9.01,0.50416,84,-5.61,-9.01,0.29067,85,-26.23,-9.01,0.05248,4,81,43.86,-9.01,0.07184,82,23.24,-9.01,0.3228,83,2.27,-9.01,0.48445,84,-18.52,-9.01,0.12091,5,80,51.63,-9.01,0.01394,81,30.95,-9.01,0.24071,82,10.34,-9.01,0.44938,83,-10.64,-9.01,0.28618,84,-31.42,-9.01,0.00978,4,80,38.72,-9.01,0.13845,81,18.05,-9.01,0.41012,82,-2.57,-9.01,0.35795,83,-23.54,-9.01,0.09348,5,79,46.8,-9.01,0.04347,80,25.82,-9.01,0.3306,81,5.15,-9.01,0.43585,82,-15.47,-9.01,0.18797,83,-36.45,-9.01,0.0021,5,78,54.51,-9.01,0.00258,79,33.89,-9.01,0.19547,80,12.92,-9.01,0.49486,81,-7.76,-9.01,0.26753,82,-28.37,-9.01,0.03955,5,78,41.61,-9.01,0.09698,79,20.99,-9.01,0.36677,80,0.02,-9.01,0.43799,81,-20.66,-9.01,0.09812,82,-41.28,-9.01,1.4E-4,5,77,49.49,-9.01,0.03011,78,28.71,-9.01,0.27238,79,8.09,-9.01,0.45112,80,-12.89,-9.01,0.24584,81,-33.56,-9.01,5.5E-4,4,77,36.58,-9.01,0.16519,78,15.8,-9.01,0.44875,79,-4.82,-9.01,0.31842,80,-25.79,-9.01,0.06764,4,76,44.66,-9.01,0.07374,77,23.68,-9.01,0.33764,78,2.9,-9.01,0.44149,79,-17.72,-9.01,0.14712,4,76,31.75,-9.01,0.2586,77,10.78,-9.01,0.44987,78,-10,-9.01,0.27223,79,-30.62,-9.01,0.0193,4,75,39.8,-9.01,0.11111,76,18.85,-9.01,0.44346,77,-2.13,-9.01,0.35215,78,-22.91,-9.01,0.09328,5,74,47.87,-9.01,0.05227,75,26.9,-9.01,0.28106,76,5.95,-9.01,0.48082,77,-15.03,-9.01,0.1797,78,-35.81,-9.01,0.00614,5,73,55.59,-9.01,7.6E-4,74,34.97,-9.01,0.21489,75,14,-9.01,0.45102,76,-6.96,-9.01,0.29597,77,-27.93,-9.01,0.03737,4,73,42.69,-9.01,0.08997,74,22.07,-9.01,0.40017,75,1.09,-9.01,0.39875,76,-19.86,-9.01,0.11111,4,72,50.56,-9.01,0.02346,73,29.78,-9.01,0.26683,74,9.16,-9.01,0.48092,75,-11.81,-9.01,0.2288,4,72,37.66,-9.01,0.15613,73,16.88,-9.01,0.44407,74,-3.74,-9.01,0.34096,75,-24.72,-9.01,0.05884,4,71,45.73,-9.01,0.02291,72,24.76,-9.01,0.377,73,3.97,-9.01,0.44441,74,-16.64,-9.01,0.15568,5,70,53.45,-9.01,0.01157,71,32.83,-9.01,0.13772,72,11.85,-9.01,0.55861,73,-8.93,-9.01,0.26944,74,-29.55,-9.01,0.02266,4,70,40.54,-9.01,0.12468,71,19.93,-9.01,0.26211,72,-1.05,-9.01,0.52177,73,-21.83,-9.01,0.09144,4,70,27.64,-9.01,0.34889,71,7.02,-9.01,0.34067,72,-13.95,-9.01,0.30854,73,-34.73,-9.01,0.00189,4,69,35.94,-9.01,0.11111,70,14.74,-9.01,0.54997,71,-5.88,-9.01,0.23544,72,-26.85,-9.01,0.10348,5,68,44.01,-9.01,0.06959,69,23.04,-9.01,0.26374,70,1.83,-9.01,0.54797,71,-18.78,-9.01,0.11105,72,-39.76,-9.01,0.00764,5,67,51.73,-9.01,0.01025,68,31.11,-9.01,0.23945,69,10.13,-9.01,0.41697,70,-11.07,-9.01,0.32376,71,-31.68,-9.01,0.00958,4,67,38.82,-9.01,0.1214,68,18.21,-9.01,0.41951,69,-2.77,-9.01,0.34798,70,-23.97,-9.01,0.11111,5,65,67.68,-9.01,0.00135,66,46.7,-9.01,0.05559,67,25.92,-9.01,0.28673,68,5.3,-9.01,0.4604,69,-15.67,-9.01,0.19594,5,65,54.78,-9.01,0.02601,66,33.8,-9.01,0.19897,67,13.02,-9.01,0.43157,68,-7.6,-9.01,0.30075,69,-28.58,-9.01,0.04271,6,64,62.82,-9.01,5.9E-4,65,41.87,-9.01,0.15527,66,20.9,-9.01,0.34827,67,0.12,-9.01,0.3746,68,-20.5,-9.01,0.12068,69,-41.48,-9.01,5.9E-4,5,64,49.92,-9.01,0.03139,65,28.97,-9.01,0.36274,66,7.99,-9.01,0.3864,67,-12.79,-9.01,0.20927,68,-33.41,-9.01,0.01021,4,64,37.02,-9.01,0.1733,65,16.07,-9.01,0.52358,66,-4.91,-9.01,0.24893,67,-25.69,-9.01,0.05418,4,63,45.09,-9.01,0.06036,64,24.11,-9.01,0.36478,65,3.16,-9.01,0.47522,66,-17.81,-9.01,0.09963,5,62,52.8,-9.01,0.01191,63,32.19,-9.01,0.21992,64,11.21,-9.01,0.49584,65,-9.74,-9.01,0.26641,66,-30.72,-9.01,0.00592,4,62,39.9,-9.01,0.12336,63,19.28,-9.01,0.39105,64,-1.69,-9.01,0.40468,65,-22.64,-9.01,0.0809,4,61,47.78,-9.01,0.04227,62,27,-9.01,0.30365,63,6.38,-9.01,0.44147,64,-14.6,-9.01,0.21261,4,61,34.88,-9.01,0.19565,62,14.1,-9.01,0.46012,63,-6.52,-9.01,0.29348,64,-27.5,-9.01,0.05075,4,60,42.95,-9.01,0.03713,61,21.97,-9.01,0.42301,62,1.19,-9.01,0.41752,63,-19.43,-9.01,0.12235,5,59,50.66,-9.01,0.01802,60,30.05,-9.01,0.15734,61,9.07,-9.01,0.57584,62,-11.71,-9.01,0.23723,63,-32.33,-9.01,0.01157,4,59,37.76,-9.01,0.14081,60,17.14,-9.01,0.28316,61,-3.83,-9.01,0.50719,62,-24.61,-9.01,0.06884,4,58,45.53,-9.01,0.05707,59,24.86,-9.01,0.31763,60,4.24,-9.01,0.33473,61,-16.74,-9.01,0.29057,5,57,53.61,-9.01,0.0034,58,32.63,-9.01,0.22185,59,11.96,-9.01,0.45841,60,-8.66,-9.01,0.22012,61,-29.64,-9.01,0.09622,6,56,61.32,-9.01,1.7E-4,57,40.7,-9.01,0.07664,58,19.73,-9.01,0.42774,59,-0.95,-9.01,0.38967,60,-21.57,-9.01,0.0943,61,-42.54,-9.01,0.01149,6,56,48.42,-9.01,0.04527,57,27.8,-9.01,0.21143,58,6.82,-9.01,0.52411,59,-13.85,-9.01,0.21284,60,-34.47,-9.01,0.00561,61,-55.44,-9.01,7.4E-4,5,55,56.3,-9.01,0.00219,56,35.51,-9.01,0.19925,57,14.9,-9.01,0.33942,58,-6.08,-9.01,0.4051,59,-26.75,-9.01,0.05404,4,55,43.39,-9.01,0.08477,56,22.61,-9.01,0.38361,57,1.99,-9.01,0.32774,58,-18.98,-9.01,0.20387,4,55,30.49,-9.01,0.27847,56,9.71,-9.01,0.47811,57,-10.91,-9.01,0.19295,58,-31.89,-9.01,0.05048,5,54,38.56,-9.01,0.11111,55,17.59,-9.01,0.46777,56,-3.2,-9.01,0.35485,57,-23.81,-9.01,0.06156,58,-44.79,-9.01,0.00471,5,53,46.61,-9.01,0.04194,54,25.66,-9.01,0.29139,55,4.68,-9.01,0.4963,56,-16.1,-9.01,0.17032,58,-57.69,-9.01,4.0E-5,4,53,33.71,-9.01,0.19499,54,12.76,-9.01,0.47167,55,-8.22,-9.01,0.30261,56,-29,-9.01,0.03072,4,52,41.78,-9.01,0.09749,53,20.8,-9.01,0.36167,54,-0.15,-9.01,0.42973,55,-21.12,-9.01,0.11111,4,51,49.49,-9.01,0.03084,52,28.88,-9.01,0.27525,53,7.9,-9.01,0.44447,54,-13.05,-9.01,0.24945,4,51,36.59,-9.01,0.17194,52,15.97,-9.01,0.45385,53,-5,-9.01,0.30504,54,-25.95,-9.01,0.06917,4,50,44.47,-9.01,0.07497,51,23.69,-9.01,0.34918,52,3.07,-9.01,0.43749,53,-17.91,-9.01,0.13836,5,49,52.54,-9.01,0.00172,50,31.56,-9.01,0.25934,51,10.78,-9.01,0.46475,52,-9.84,-9.01,0.26057,53,-30.81,-9.01,0.01362,4,49,39.64,-9.01,0.11046,50,18.66,-9.01,0.44779,51,-2.12,-9.01,0.35978,52,-22.74,-9.01,0.08196,5,48,47.35,-9.01,0.04643,49,26.73,-9.01,0.28387,50,5.76,-9.01,0.48631,51,-15.02,-9.01,0.18254,52,-35.64,-9.01,8.4E-4,5,47,55.67,-9.01,0.00188,48,34.45,-9.01,0.2021,49,13.83,-9.01,0.45385,50,-7.14,-9.01,0.30603,51,-27.93,-9.01,0.03614,4,47,42.76,-9.01,0.08333,48,21.55,-9.01,0.38931,49,0.93,-9.01,0.40979,50,-20.05,-9.01,0.11758,4,47,29.86,-9.01,0.27588,48,8.64,-9.01,0.48365,49,-11.98,-9.01,0.23637,50,-32.95,-9.01,0.00409,5,45,58.55,-9.01,4.3E-4,46,37.93,-9.01,0.11068,47,16.96,-9.01,0.46468,48,-4.26,-9.01,0.35953,49,-24.88,-9.01,0.06468,4,45,45.65,-9.01,0.06702,46,25.03,-9.01,0.26631,47,4.05,-9.01,0.49434,48,-17.16,-9.01,0.17232,5,44,53.53,-9.01,0.00559,45,32.74,-9.01,0.23915,46,12.13,-9.01,0.42193,47,-8.85,-9.01,0.30179,48,-30.07,-9.01,0.03155,4,44,40.62,-9.01,0.10854,45,19.84,-9.01,0.42416,46,-0.78,-9.01,0.35619,47,-21.75,-9.01,0.11111,3,44,27.72,-9.01,0.32261,45,6.94,-9.01,0.47683,46,-13.68,-9.01,0.20056,4,43,35.79,-9.01,0.11111,44,14.82,-9.01,0.5255,45,-5.97,-9.01,0.31845,46,-26.58,-9.01,0.04494,4,42,43.84,-9.01,0.0726,43,22.89,-9.01,0.26074,44,1.91,-9.01,0.53365,45,-18.87,-9.01,0.13301,4,42,30.94,-9.01,0.2563,43,9.99,-9.01,0.41036,44,-10.99,-9.01,0.31959,45,-31.77,-9.01,0.01374,4,41,39.01,-9.01,0.11111,42,18.03,-9.01,0.44001,43,-2.92,-9.01,0.33777,44,-23.89,-9.01,0.11111,4,40,46.72,-9.01,0.04978,41,26.11,-9.01,0.28355,42,5.13,-9.01,0.47853,43,-15.82,-9.01,0.18814,5,39,54.6,-9.01,0.00336,40,33.82,-9.01,0.20554,41,13.2,-9.01,0.45777,42,-7.77,-9.01,0.29482,43,-28.72,-9.01,0.03851,4,39,41.7,-9.01,0.10069,40,20.92,-9.01,0.37844,41,0.3,-9.01,0.40976,42,-20.68,-9.01,0.11111,4,38,49.77,-9.01,0.01184,39,28.8,-9.01,0.29728,40,8.01,-9.01,0.45177,41,-12.6,-9.01,0.23911,5,37,57.49,-9.01,0.0016,38,36.87,-9.01,0.13319,39,15.89,-9.01,0.48715,40,-4.89,-9.01,0.31317,41,-25.51,-9.01,0.06489,5,37,44.58,-9.01,0.07846,38,23.97,-9.01,0.29039,39,2.99,-9.01,0.4891,40,-17.79,-9.01,0.14027,41,-38.41,-9.01,0.00178,5,36,52.35,-9.01,0.01066,37,31.68,-9.01,0.25577,38,11.06,-9.01,0.42391,39,-9.91,-9.01,0.2925,40,-30.7,-9.01,0.01715,4,36,39.45,-9.01,0.12542,37,18.78,-9.01,0.4369,38,-1.84,-9.01,0.33841,39,-22.82,-9.01,0.09927,4,35,47.52,-9.01,0.05324,36,26.55,-9.01,0.29804,37,5.87,-9.01,0.4675,38,-14.74,-9.01,0.18121,5,34,55.24,-9.01,0.0018,35,34.62,-9.01,0.2158,36,13.64,-9.01,0.44934,37,-7.03,-9.01,0.29721,38,-27.65,-9.01,0.03585,4,34,42.33,-9.01,0.09074,35,21.72,-9.01,0.40233,36,0.74,-9.01,0.39245,37,-19.93,-9.01,0.11449,5,33,50.21,-9.01,0.02748,34,29.43,-9.01,0.26331,35,8.81,-9.01,0.48237,36,-12.16,-9.01,0.21983,37,-32.84,-9.01,0.00702,4,33,37.31,-9.01,0.16343,34,16.53,-9.01,0.43491,35,-4.09,-9.01,0.34379,36,-25.07,-9.01,0.05787,4,32,45.38,-9.01,0.09434,33,24.41,-9.01,0.31615,34,3.63,-9.01,0.43224,35,-16.99,-9.01,0.15726,4,32,32.48,-9.01,0.2998,33,11.5,-9.01,0.41392,34,-9.28,-9.01,0.26231,35,-29.9,-9.01,0.02398,5,30,61.5,-9.01,0.00182,31,40.53,-9.01,0.10929,32,19.58,-9.01,0.50525,33,-1.4,-9.01,0.29474,34,-22.18,-9.01,0.0889,5,30,48.6,-9.01,0.04578,31,27.62,-9.01,0.28756,32,6.67,-9.01,0.52202,33,-14.3,-9.01,0.14202,34,-35.08,-9.01,0.00263,4,30,35.7,-9.01,0.19429,31,14.72,-9.01,0.47238,32,-6.23,-9.01,0.31656,33,-27.21,-9.01,0.01677,4,29,43.41,-9.01,0.07808,30,22.79,-9.01,0.37219,31,1.82,-9.01,0.43862,32,-19.13,-9.01,0.11111,5,27,72.27,-9.01,1.1E-4,28,51.29,-9.01,0.02505,29,30.51,-9.01,0.24211,30,9.89,-9.01,0.46582,31,-11.09,-9.01,0.26691,5,27,59.36,-9.01,0.01014,28,38.39,-9.01,0.14579,29,17.6,-9.01,0.41164,30,-3.01,-9.01,0.35034,31,-23.99,-9.01,0.08209,5,27,46.46,-9.01,0.11034,28,25.48,-9.01,0.28747,29,4.7,-9.01,0.42501,30,-15.92,-9.01,0.17062,31,-36.89,-9.01,0.00656,5,26,54.17,-9.01,0.00452,27,33.56,-9.01,0.31692,28,12.58,-9.01,0.37906,29,-8.2,-9.01,0.26647,30,-28.82,-9.01,0.03303,5,25,62.47,-9.01,0.0048,26,41.27,-9.01,0.09763,27,20.65,-9.01,0.52137,28,-0.32,-9.01,0.27926,29,-21.1,-9.01,0.09694,5,25,49.57,-9.01,0.07713,26,28.37,-9.01,0.23432,27,7.75,-9.01,0.54548,28,-13.22,-9.01,0.13758,29,-34.01,-9.01,0.00549,4,25,36.67,-9.01,0.26057,26,15.46,-9.01,0.36197,27,-5.15,-9.01,0.35651,28,-26.13,-9.01,0.02094,4,24,44.74,-9.01,0.08095,25,23.76,-9.01,0.46458,26,2.56,-9.01,0.31244,27,-18.06,-9.01,0.14203,5,23,52.45,-9.01,0.01083,24,31.84,-9.01,0.26219,25,10.86,-9.01,0.53352,26,-10.34,-9.01,0.17575,27,-30.96,-9.01,0.01772,4,23,39.55,-9.01,0.11824,24,18.93,-9.01,0.45794,25,-2.04,-9.01,0.38024,26,-23.25,-9.01,0.04358,4,22,47.43,-9.01,0.0491,23,26.65,-9.01,0.28766,24,6.03,-9.01,0.4918,25,-14.95,-9.01,0.17143,5,21,55.5,-9.01,0.00762,22,34.53,-9.01,0.20163,23,13.74,-9.01,0.4355,24,-6.87,-9.01,0.32509,25,-27.85,-9.01,0.03016,4,21,42.6,-9.01,0.09924,22,21.62,-9.01,0.38127,23,0.84,-9.01,0.39017,24,-19.78,-9.01,0.12933,4,21,29.7,-9.01,0.30105,22,8.72,-9.01,0.46361,23,-12.06,-9.01,0.22081,24,-32.68,-9.01,0.01452,5,19,58.72,-9.01,0.00667,20,37.74,-9.01,0.10444,21,16.79,-9.01,0.48762,22,-4.18,-9.01,0.33912,23,-24.97,-9.01,0.06215,5,19,45.82,-9.01,0.08867,20,24.84,-9.01,0.24467,21,3.89,-9.01,0.50621,22,-17.09,-9.01,0.16039,23,-37.87,-9.01,7.0E-5,5,18,53.53,-9.01,0.01153,19,32.91,-9.01,0.27025,20,11.94,-9.01,0.38489,21,-9.02,-9.01,0.30439,22,-29.99,-9.01,0.02894,5,18,40.63,-9.01,0.12376,19,20.01,-9.01,0.44891,20,-0.97,-9.01,0.31622,21,-21.92,-9.01,0.1102,22,-42.89,-9.01,9.1E-4,4,17,48.5,-9.01,0.03848,18,27.72,-9.01,0.30861,19,7.1,-9.01,0.4769,20,-13.87,-9.01,0.176,4,17,35.6,-9.01,0.18641,18,14.82,-9.01,0.47209,19,-5.8,-9.01,0.30573,20,-26.77,-9.01,0.03578,4,16,43.67,-9.01,0.04932,17,22.7,-9.01,0.39612,18,1.92,-9.01,0.43416,19,-18.7,-9.01,0.1204,5,15,51.39,-9.01,0.01687,16,30.77,-9.01,0.18819,17,9.8,-9.01,0.53355,18,-10.99,-9.01,0.25098,19,-31.6,-9.01,0.01041,4,15,38.49,-9.01,0.14183,16,17.87,-9.01,0.33009,17,-3.11,-9.01,0.45211,18,-23.89,-9.01,0.07597,5,14,46.26,-9.01,0.05745,15,25.59,-9.01,0.32045,16,4.97,-9.01,0.37333,17,-16,-9.01,0.2471,18,-36.79,-9.01,0.00167,4,14,33.37,-9.01,0.22601,15,12.7,-9.01,0.46532,16,-7.92,-9.01,0.23748,17,-28.89,-9.01,0.07118,5,13,41.48,-9.01,0.11111,14,20.5,-9.01,0.39457,15,-0.17,-9.01,0.39403,16,-20.79,-9.01,0.09559,17,-41.77,-9.01,0.0047,5,12,49.26,-9.01,0.02674,13,28.64,-9.01,0.3066,14,7.66,-9.01,0.44823,15,-13.01,-9.01,0.21541,16,-33.63,-9.01,0.00302,5,11,57.26,-9.01,1.1E-4,12,36.48,-9.01,0.16351,13,15.86,-9.01,0.50304,14,-5.11,-9.01,0.27967,15,-25.79,-9.01,0.05366,4,11,44.59,-9.01,0.06497,12,23.81,-9.01,0.34665,13,3.19,-9.01,0.47727,14,-17.78,-9.01,0.11111,3,11,32.09,-9.01,0.24094,12,11.3,-9.01,0.47632,13,-9.31,-9.01,0.28274,4,10,40.78,-9.01,0.10797,11,19.8,-9.01,0.41983,12,-0.98,-9.01,0.38591,13,-21.59,-9.01,0.0863,5,9,49.73,-9.01,0.01664,10,28.78,-9.01,0.31042,11,7.81,-9.01,0.46922,12,-12.98,-9.01,0.20277,13,-33.59,-9.01,9.6E-4,4,9,38.05,-9.01,0.14113,10,17.1,-9.01,0.51612,11,-3.88,-9.01,0.29639,12,-24.66,-9.01,0.04636,3,9,26.65,-9.01,0.37673,10,5.7,-9.01,0.50588,11,-15.28,-9.01,0.11739,4,8,36.43,-9.01,0.05618,9,15.45,-9.01,0.63398,10,-5.5,-9.01,0.30669,11,-26.48,-9.01,0.00314,4,7,45.89,-9.01,0.03504,8,25.28,-9.01,0.18529,9,4.3,-9.01,0.67868,10,-16.65,-9.01,0.10099,4,7,34.58,-9.01,0.17505,8,13.96,-9.01,0.32054,9,-7.01,-9.01,0.50116,10,-27.96,-9.01,0.00326,4,6,43.67,-9.01,0.07276,7,22.89,-9.01,0.35341,8,2.27,-9.01,0.34341,9,-18.71,-9.01,0.23042,4,6,31.42,-9.01,0.25662,7,10.63,-9.01,0.4617,8,-9.98,-9.01,0.22045,9,-30.96,-9.01,0.06123,5,5,39.49,-9.01,0.11111,6,18.51,-9.01,0.44049,7,-2.27,-9.01,0.36004,8,-22.89,-9.01,0.0852,9,-43.87,-9.01,0.00315,5,4,46.57,-9.01,0.07458,5,25.95,-9.01,0.25876,6,4.97,-9.01,0.47885,7,-15.81,-9.01,0.18168,8,-36.43,-9.01,0.00614,4,4,32.54,-9.01,0.26026,5,11.92,-9.01,0.4064,6,-9.06,-9.01,0.29498,7,-29.84,-9.01,0.03835,4,3,40.08,-9.01,0.10962,4,18.25,-9.01,0.44744,5,-2.37,-9.01,0.33183,6,-23.35,-9.01,0.11111,3,3,25.81,-9.01,0.33035,4,3.98,-9.01,0.48547,5,-16.64,-9.01,0.18418,3,3,11.82,-9.01,0.66219,4,-10.01,-9.01,0.30127,5,-30.63,-9.01,0.03653],"hull":312,"edges":[0,2,2,4,4,6,6,8,8,10,10,12,12,14,14,16,16,18,18,20,20,22,22,24,24,26,26,28,28,30,30,32,32,34,34,36,36,38,38,40,40,42,42,44,44,46,46,48,48,50,50,52,52,54,54,56,56,58,58,60,60,62,62,64,64,66,66,68,68,70,70,72,72,74,74,76,76,78,78,80,80,82,82,84,84,86,86,88,88,90,90,92,92,94,94,96,96,98,98,100,100,102,102,104,104,106,106,108,108,110,110,112,112,114,114,116,116,118,118,120,120,122,122,124,124,126,126,128,128,130,130,132,132,134,134,136,136,138,138,140,140,142,142,144,144,146,146,148,148,150,150,152,152,154,154,156,156,158,158,160,160,162,162,164,164,166,166,168,168,170,170,172,172,174,174,176,176,178,178,180,180,182,182,184,184,186,186,188,188,190,190,192,192,194,194,196,196,198,198,200,200,202,202,204,204,206,206,208,208,210,210,212,212,214,214,216,216,218,218,220,220,222,222,224,224,226,226,228,228,230,230,232,232,234,234,236,236,238,238,240,240,242,242,244,244,246,246,248,248,250,250,252,252,254,254,256,256,258,258,260,260,262,262,264,264,266,266,268,268,270,270,272,272,274,274,276,276,278,278,280,280,282,282,284,284,286,286,288,288,290,290,292,292,294,294,296,296,298,298,300,300,302,302,304,304,306,306,308,308,310,310,312,312,314,314,316,316,318,318,320,320,322,322,324,324,326,326,328,328,330,330,332,332,334,334,336,336,338,338,340,340,342,342,344,344,346,346,348,348,350,350,352,352,354,354,356,356,358,358,360,360,362,362,364,364,366,366,368,368,370,370,372,372,374,374,376,376,378,378,380,380,382,382,384,384,386,386,388,388,390,390,392,392,394,394,396,396,398,398,400,400,402,402,404,404,406,406,408,408,410,410,412,412,414,414,416,416,418,418,420,420,422,422,424,424,426,426,428,428,430,430,432,432,434,434,436,436,438,438,440,440,442,442,444,444,446,446,448,448,450,450,452,452,454,454,456,456,458,458,460,460,462,462,464,464,466,466,468,468,470,470,472,472,474,474,476,476,478,478,480,480,482,482,484,484,486,486,488,488,490,490,492,492,494,494,496,496,498,498,500,500,502,502,504,504,506,506,508,508,510,510,512,512,514,514,516,516,518,518,520,520,522,522,524,524,526,526,528,528,530,530,532,532,534,534,536,536,538,538,540,540,542,542,544,544,546,546,548,548,550,550,552,552,554,554,556,556,558,558,560,560,562,562,564,564,566,566,568,568,570,570,572,572,574,574,576,576,578,578,580,580,582,582,584,584,586,586,588,588,590,590,592,592,594,594,596,596,598,598,600,600,602,602,604,604,606,606,608,608,610,610,612,612,614,614,616,616,618,618,620,620,622,622,0],"width":18,"height":2000}}}},"animations":{"animation1":{"paths":{"1":{"position":[{"time":0,"position":1,"curve":[0.25,0,0.75,1]},{"time":0.5,"position":0.9032}]}}},"animation2":{"paths":{"1":{"position":[{"time":0,"position":0.9032},{"time":0.5,"position":0.8316}]}}},"animation3":{"paths":{"1":{"position":[{"time":0,"position":0.8316},{"time":0.5,"position":0.7937}]}}},"animation4":{"paths":{"1":{"position":[{"time":0,"position":0.7937},{"time":0.5,"position":0.7537}]}}},"animation5":{"paths":{"1":{"position":[{"time":0,"position":0.7537},{"time":0.5,"position":0.7032}]}}},"animation6":{"paths":{"1":{"position":[{"time":0,"position":0.7032},{"time":0.5,"position":0.6232}]}}},"animation7":{"paths":{"1":{"position":[{"time":0,"position":0.6232},{"time":0.5,"position":0.5642}]}}},"animation8":{"paths":{"1":{"position":[{"time":0,"position":0.5642},{"time":0.5,"position":0.5137}]}}},"animation9":{"paths":{"1":{"position":[{"time":0,"position":0.5137},{"time":0.5,"position":0.4758}]}}},"animation10":{"paths":{"1":{"position":[{"time":0,"position":0.4758},{"time":0.5,"position":0.4358}]}}},"animation11":{"paths":{"1":{"position":[{"time":0,"position":0.4358},{"time":0.5,"position":0.3958}]}}},"animation12":{"paths":{"1":{"position":[{"time":0,"position":0.3958},{"time":0.5,"position":0.3432}]}}},"animation13":{"paths":{"1":{"position":[{"time":0,"position":0.3432},{"time":0.5,"position":0.2547}]}}},"animation14":{"paths":{"1":{"position":[{"time":0,"position":0.2547},{"time":0.5,"position":0.2147}]}}},"animation15":{"paths":{"1":{"position":[{"time":0,"position":0.2147},{"time":0.5,"position":0.1832}]}}},"animation16":{"paths":{"1":{"position":[{"time":0,"position":0.1832},{"time":0.5,"position":0.1537}]}}},"animation17":{"paths":{"1":{"position":[{"time":0,"position":0.1537},{"time":0.5,"position":0.1137}]}}},"animation18":{"paths":{"1":{"position":[{"time":0,"position":0.1137},{"time":0.5,"position":0.0842}]}}},"animation19":{"paths":{"1":{"position":[{"time":0,"position":0.0842},{"time":0.5}]}}},"animation10_10":{"paths":{"1":{"position":[{"time":0,"position":0.4358}]}}},"animation11_11":{"paths":{"1":{"position":[{"time":0,"position":0.3958}]}}},"animation12_12":{"paths":{"1":{"position":[{"time":0,"position":0.3432}]}}},"animation13_13":{"paths":{"1":{"position":[{"time":0,"position":0.2547}]}}},"animation14_14":{"paths":{"1":{"position":[{"time":0,"position":0.2147}]}}},"animation15_15":{"paths":{"1":{"position":[{"time":0,"position":0.1832}]}}},"animation16_16":{"paths":{"1":{"position":[{"time":0,"position":0.1537}]}}},"animation17_17":{"paths":{"1":{"position":[{"time":0,"position":0.1137}]}}},"animation18_18":{"paths":{"1":{"position":[{"time":0,"position":0.0842}]}}},"animation19_19":{"paths":{"1":{"position":[{"time":0}]}}},"animation1_1":{"paths":{"1":{"position":[{"time":0,"position":0.9032}]}}},"animation2_2":{"paths":{"1":{"position":[{"time":0,"position":0.8316}]}}},"animation3_3":{"paths":{"1":{"position":[{"time":0,"position":0.7937}]}}},"animation4_4":{"paths":{"1":{"position":[{"time":0,"position":0.7537}]}}},"animation5_5":{"paths":{"1":{"position":[{"time":0,"position":0.7032}]}}},"animation6_6":{"paths":{"1":{"position":[{"time":0,"position":0.6232}]}}},"animation7_7":{"paths":{"1":{"position":[{"time":0,"position":0.5642}]}}},"animation8_8":{"paths":{"1":{"position":[{"time":0,"position":0.5137}]}}},"animation9_9":{"paths":{"1":{"position":[{"time":0,"position":0.4758}]}}}}}